entity_id,nucleus,label,sublabel,lens_id,translator_version
discogs:2660148,2660148,Valley Of The Dolls (Music From The Motion Picture Soundtrack),Dory Previn And André Previn Conducted By John Williams · 1967,discogs_v1,1.0.0
discogs:1036542,1036542,Patton (Original Motion Picture Score),Jerry Goldsmith · 1970,discogs_v1,1.0.0
discogs:554024,554024,I've Got So Much To Give,Barry White · 1973,discogs_v1,1.0.0
discogs:6575146,6575146,The Pick Of...,Sam Cooke · 1979,discogs_v1,1.0.0
discogs:738719,738719,Dr. Octagonecologyst,Dr. Octagon · 2001,discogs_v1,1.0.0
discogs:1585012,1585012,Close Up The Honky Tonks,The Flying Burrito Bros · 1974,discogs_v1,1.0.0
discogs:373494,373494,!!Going Places!!,Herb Alpert & The Tijuana Brass · 1965,discogs_v1,1.0.0
discogs:691603,691603,A Day In The Life,Wes Montgomery · 1967,discogs_v1,1.0.0
discogs:601009,601009,Carpenters,Carpenters · 1971,discogs_v1,1.0.0
discogs:578954,578954,Whipped Cream & Other Delights,Herb Alpert & The Tijuana Brass · 1965,discogs_v1,1.0.0
discogs:373490,373490,What Now My Love,Herb Alpert & The Tijuana Brass · 1966,discogs_v1,1.0.0
discogs:3279088,3279088,Down Here On The Ground,Wes Montgomery · 1968,discogs_v1,1.0.0
discogs:568897,568897,Chain Reaction,The Crusaders · 1975,discogs_v1,1.0.0
discogs:1842334,1842334,Aja,Steely Dan · 1977,discogs_v1,1.0.0
discogs:762014,762014,Katy Lied,Steely Dan · 1975,discogs_v1,1.0.0
discogs:373262,373262,The Royal Scam,Steely Dan · 1976,discogs_v1,1.0.0
discogs:695398,695398,A Man And A Woman,Isaac Hayes & Dionne Warwick · 1977,discogs_v1,1.0.0
discogs:16137764,16137764,Sam Cooke At The Copa,Sam Cooke · 2020,discogs_v1,1.0.0
discogs:14235099,14235099,Portrait Of A Legend 1951-1964,Sam Cooke · 2003,discogs_v1,1.0.0
discogs:19764313,19764313,Choctaw Ridge (New Fables Of The American South 1968-1973),Various · 2021,discogs_v1,1.0.0
discogs:1356241,1356241,Kosmos (Soundtracks Of Eastern Germany's Adventures In Space),Various · 2002,discogs_v1,1.0.0
discogs:13302893,13302893,Christmas With Jon Batiste,Jon Batiste · 2017,discogs_v1,1.0.0
discogs:5469776,5469776,American III: Solitary Man,Johnny Cash · 2014,discogs_v1,1.0.0
discogs:33691167,33691167,Heartache In Your Hand: Startime Country,Various · 2025,discogs_v1,1.0.0
discogs:28461454,28461454,The Rise & Fall Of A Midwest Princess,Chappell Roan · 2023,discogs_v1,1.0.0
discogs:21889021,21889021,Soultrane,John Coltrane With Red Garland · 2022,discogs_v1,1.0.0
discogs:12046139,12046139,The Two Sonatas For Cello And Piano,"Jacqueline Du Pré, Daniel Barenboim, Johannes Brahms · 1969",discogs_v1,1.0.0
discogs:2951995,2951995,The Two Sonatas For Cello And Piano,"Johannes Brahms / Jacqueline Du Pré, Daniel Barenboim",discogs_v1,1.0.0
discogs:27540444,27540444,Wild Creatures,Neko Case · 2023,discogs_v1,1.0.0
discogs:30149738,30149738,Tigers Blood,Waxahatchee · 2024,discogs_v1,1.0.0
discogs:35210935,35210935,Neon Grey Midnight Green,Neko Case · 2025,discogs_v1,1.0.0
discogs:7693476,7693476,"Truckdriver, Gladiator, Mule",Neko Case · 2015,discogs_v1,1.0.0
discogs:12070040,12070040,Hell-On,Neko Case · 2018,discogs_v1,1.0.0
discogs:7790160,7790160,1,The Beatles · 2015,discogs_v1,1.0.0
discogs:32122614,32122614,Radio City,Big Star · 2024,discogs_v1,1.0.0
discogs:58954,58954,Terminal Jive,Sparks · 1980,discogs_v1,1.0.0
discogs:452045,452045,Get It Right,Aretha Franklin · 1983,discogs_v1,1.0.0
discogs:31906375,31906375,Wintersong,Sarah McLachlan · 2024,discogs_v1,1.0.0
discogs:2630972,2630972,Simple Dreams,Linda Ronstadt · 1977,discogs_v1,1.0.0
discogs:1770297,1770297,Land's End,Jimmy Webb · 1974,discogs_v1,1.0.0
discogs:11554834,11554834,What's New,Linda Ronstadt & Nelson Riddle And His Orchestra · 1983,discogs_v1,1.0.0
discogs:2009521,2009521,Urban Cowboy (Original Motion Picture Soundtrack),Various · 1980,discogs_v1,1.0.0
discogs:1355478,1355478,The Best Of Otis Redding,Otis Redding · 1979,discogs_v1,1.0.0
discogs:2139040,2139040,Otis Redding In Person At The Whisky A Go Go,Otis Redding · 1968,discogs_v1,1.0.0
discogs:2124425,2124425,Tell The Truth,Otis Redding · 1970,discogs_v1,1.0.0
discogs:35306632,35306632,Pain In My Heart,Otis Redding · 2025,discogs_v1,1.0.0
discogs:24942214,24942214,Soul Christmas,Various · 2022,discogs_v1,1.0.0
discogs:33250317,33250317,Southern Belle Raisin' Hell,Willow Avalon · 2025,discogs_v1,1.0.0
discogs:35789251,35789251,Live 2001,Matchbox Twenty · 2025,discogs_v1,1.0.0
discogs:14444462,14444462,Coconut Oil,Lizzo · 2019,discogs_v1,1.0.0
discogs:2980829,2980829,Solid Gold Soul,Various · 1966,discogs_v1,1.0.0
discogs:5614967,5614967,The Stax/Volt Revue • Volume 2 — Live In Paris,Various · 1991,discogs_v1,1.0.0
discogs:4538729,4538729,Atlantic Rhythm & Blues 1947-1974 (Volume 3 1955-1958),Various · 1985,discogs_v1,1.0.0
discogs:19872937,19872937,The Best Of Otis Redding,Otis Redding,discogs_v1,1.0.0
discogs:2848817,2848817,Soul Men,Sam & Dave · 1982,discogs_v1,1.0.0
discogs:1695211,1695211,Whatever's Fair! (Atlantic Soul Explosion '72),Various · 1972,discogs_v1,1.0.0
discogs:1027284,1027284,Jazz For The Jet Set,Dave Pike · 1966,discogs_v1,1.0.0
discogs:1247061,1247061,Volunteered Slavery,Roland Kirk · 1969,discogs_v1,1.0.0
discogs:316990,316990,Layers,Les McCann · 1974,discogs_v1,1.0.0
discogs:1367989,1367989,Is It In,Eddie Harris · 1974,discogs_v1,1.0.0
discogs:1253662,1253662,Angst In My Pants,Sparks · 1982,discogs_v1,1.0.0
discogs:856308,856308,The Soul Years,Various · 1973,discogs_v1,1.0.0
discogs:1388594,1388594,"Soul To Soul (Music From The Original Soundtrack - Recorded Live In Ghana, West Africa)",Various · 1971,discogs_v1,1.0.0
discogs:6455010,6455010,The Drifters' Golden Hits,The Drifters · 1968,discogs_v1,1.0.0
discogs:2196094,2196094,History Of Rhythm & Blues Volume 1: The Roots 1947-52,Various · 1968,discogs_v1,1.0.0
discogs:3555832,3555832,History Of Rhythm & Blues - Volume 2: The Golden Years 1953-55,Various · 1968,discogs_v1,1.0.0
discogs:3254565,3254565,History Of Rhythm & Blues Volume 3 Rock & Roll 1956-57,Various · 1968,discogs_v1,1.0.0
discogs:11046303,11046303,This Is Soul,Various · 1968,discogs_v1,1.0.0
discogs:1884661,1884661,The Super Hits Vol. 2,Various · 1968,discogs_v1,1.0.0
discogs:5934607,5934607,The Best Of Booker T. & The MGs,Booker T & The MG's · 1968,discogs_v1,1.0.0
discogs:2196525,2196525,History Of Rhythm & Blues  Volume 8  The Memphis Sound 1967,Various · 1969,discogs_v1,1.0.0
discogs:858058,858058,The Best Of Sam & Dave,Sam & Dave · 1969,discogs_v1,1.0.0
discogs:3776054,3776054,The Best Of Sam & Dave,Sam & Dave · 1969,discogs_v1,1.0.0
discogs:4601972,4601972,The Super Hits Vol. 4,Various · 1969,discogs_v1,1.0.0
discogs:4432146,4432146,The Best Of Carla Thomas,Carla Thomas · 1969,discogs_v1,1.0.0
discogs:2303748,2303748,Right On,Wilson Pickett · 1970,discogs_v1,1.0.0
discogs:531999,531999,Outlaw,Eugene McDaniels · 1970,discogs_v1,1.0.0
discogs:23257064,23257064,The Super Hits Volume 5,Various,discogs_v1,1.0.0
discogs:3357816,3357816,The Super Hits Volume 5,Various,discogs_v1,1.0.0
discogs:2044943,2044943,Headless Heroes Of The Apocalypse,Eugene McDaniels · 1971,discogs_v1,1.0.0
discogs:2616121,2616121,The Best Of Wilson Pickett Vol. II,Wilson Pickett · 1971,discogs_v1,1.0.0
discogs:6186915,6186915,Aretha's Greatest Hits,Aretha Franklin · 1971,discogs_v1,1.0.0
discogs:5605451,5605451,Untitled,Led Zeppelin · 1971,discogs_v1,1.0.0
discogs:2923822,2923822,Songs Of Faith & Inspiration,The Sweet Inspirations · 1968,discogs_v1,1.0.0
discogs:2240842,2240842,Soul Machine The Latest Biggest Soul-Hits,Various · 1969,discogs_v1,1.0.0
discogs:32491761,32491761,Black On Black,Paul Cauthen · 2024,discogs_v1,1.0.0
discogs:1078710,1078710,This Is Soul,Various · 1968,discogs_v1,1.0.0
discogs:2167827,2167827,Atlantic Rhythm & Blues 1947-1974 (Volume 1 1947-1952),Various · 1985,discogs_v1,1.0.0
discogs:2244305,2244305,Atlantic Rhythm & Blues 1947-1974 (Volume 2 1952-1955),Various · 1985,discogs_v1,1.0.0
discogs:2167889,2167889,Atlantic Rhythm & Blues 1947-1974 (Volume 3 1955-1958),Various · 1985,discogs_v1,1.0.0
discogs:2673743,2673743,Atlantic Rhythm & Blues 1947-1974 (Volume 4 1958-1962),Various · 1985,discogs_v1,1.0.0
discogs:2710448,2710448,Atlantic Rhythm And Blues 1947-1974 (Volume 5 1962 - 1966),Various · 1985,discogs_v1,1.0.0
discogs:1628624,1628624,Atlantic Rhythm & Blues 1947-1974 (Volume 6 1966-1969),Various · 1985,discogs_v1,1.0.0
discogs:1359006,1359006,The Stax/Volt Revue • Volume One - Live In London,Various · 1991,discogs_v1,1.0.0
discogs:2615458,2615458,"Atlantic Rhythm & Blues 1947-1974, Volume 7 1969-1974",Various · 1985,discogs_v1,1.0.0
discogs:1794930,1794930,History Of Rhythm & Blues Volume 4: The Big Beat 1958-60,Various · 1968,discogs_v1,1.0.0
discogs:1567577,1567577,The Super Hits Vol. 3,Various · 1968,discogs_v1,1.0.0
discogs:3747763,3747763,High Time,MC5 · 1971,discogs_v1,1.0.0
discogs:14115256,14115256,Cuz I Love You,Lizzo · 2019,discogs_v1,1.0.0
discogs:27535197,27535197,Barbie The Album,Various · 2023,discogs_v1,1.0.0
discogs:20804647,20804647,Sound & Color,Alabama Shakes · 2021,discogs_v1,1.0.0
discogs:22727045,22727045,Boys & Girls,Alabama Shakes · 2022,discogs_v1,1.0.0
discogs:33671844,33671844,A Night At The Symphony: Hollywood Bowl,Laufey (2) With Los Angeles Philharmonic Orchestra · 2025,discogs_v1,1.0.0
discogs:1024395,1024395,Damn The Torpedoes,Tom Petty And The Heartbreakers · 1979,discogs_v1,1.0.0
discogs:7565427,7565427,Olympia Community Radio Session April 17th 1987,Nirvana · 2015,discogs_v1,1.0.0
discogs:2010294,2010294,Just For You,Neil Diamond · 1967,discogs_v1,1.0.0
discogs:250995,250995,Funk Spectrum (Real Funk For Real People),Josh Davis And Keb Darge · 1999,discogs_v1,1.0.0
discogs:419841,419841,Bite Hard: The Music Of De Wolfe Studio Sampler 1972-80,Various · 1998,discogs_v1,1.0.0
discogs:20288155,20288155,...There's Trouble Brewin'... (16 Serious Rockin' Crackers For Your Christmas Hop),Various · 2021,discogs_v1,1.0.0
discogs:31819556,31819556,Get Ready For A Groovy And Bluesy Christmas,Various · 2024,discogs_v1,1.0.0
discogs:45996,45996,The Pleasure Principle,Gary Numan · 1979,discogs_v1,1.0.0
discogs:17327530,17327530,Gun Hill Road,The Infesticons · 2000,discogs_v1,1.0.0
discogs:478633,478633,Beauty Party,The Majesticons · 2003,discogs_v1,1.0.0
discogs:32429115,32429115,Live From Echo Mountain,Charles Wesley Godwin · 2024,discogs_v1,1.0.0
discogs:35912920,35912920,Live From The Steel City,Charles Wesley Godwin · 2025,discogs_v1,1.0.0
discogs:36380086,36380086,Act I,Kashus Culpepper · 2026,discogs_v1,1.0.0
discogs:11256175,11256175,Reputation,Taylor Swift · 2017,discogs_v1,1.0.0
discogs:9405462,9405462,Taylor Swift,Taylor Swift · 2016,discogs_v1,1.0.0
discogs:7691454,7691454,To Know Him Is To Love Him,Elvis Presley,discogs_v1,1.0.0
discogs:11253115,11253115,13 Days Of Xmas,Various · 2017,discogs_v1,1.0.0
discogs:997403,997403,Humanize,Big Boss Man · 2001,discogs_v1,1.0.0
discogs:858308,858308,The Bongolian,The Bongolian · 2002,discogs_v1,1.0.0
discogs:20588200,20588200,I Dream Of Christmas,Norah Jones · 2021,discogs_v1,1.0.0
discogs:1397997,1397997,Blue Breakbeats,Grant Green · 1998,discogs_v1,1.0.0
discogs:5194537,5194537,Tourist,St Germain · 2013,discogs_v1,1.0.0
discogs:158142,158142,Shades Of Blue,Madlib · 2003,discogs_v1,1.0.0
discogs:1631123,1631123,The Mask,Erik Truffaz · 2000,discogs_v1,1.0.0
discogs:2132206,2132206,The Amazing Bud Powell (Volume 1),Bud Powell · 1955,discogs_v1,1.0.0
discogs:1603928,1603928,Blues Walk,Lou Donaldson · 1958,discogs_v1,1.0.0
discogs:15829399,15829399,The Sidewinder,Lee Morgan · 1985,discogs_v1,1.0.0
discogs:1309909,1309909,Blue Train,John Coltrane · 1993,discogs_v1,1.0.0
discogs:2246399,2246399,Soul Symphony,The Three Sounds · 1969,discogs_v1,1.0.0
discogs:1345289,1345289,Alive!,Grant Green · 1970,discogs_v1,1.0.0
discogs:14404895,14404895,Alive!,Grant Green · 2019,discogs_v1,1.0.0
discogs:19270828,19270828,Back At The Chicken Shack,Jimmy Smith · 2021,discogs_v1,1.0.0
discogs:20435935,20435935,Merry Ole Soul,Duke Pearson · 2021,discogs_v1,1.0.0
discogs:2447492,2447492,Crusaders 1,The Crusaders · 1972,discogs_v1,1.0.0
discogs:19178299,19178299,Jim Croce Photographs And Memories,Jim Croce · 2021,discogs_v1,1.0.0
discogs:24748088,24748088,Something Else By The Kinks,The Kinks · 2022,discogs_v1,1.0.0
discogs:12764425,12764425,The Kinks Are The Village Green Preservation Society,The Kinks · 2018,discogs_v1,1.0.0
discogs:569071,569071,The Black Motion Picture Experience,The Cecil Holmes Soulful Sounds · 1973,discogs_v1,1.0.0
discogs:26839517,26839517,Senza Sapere Niente Di Lei (Original Motion Picture Soundtrack),Ennio Morricone · 2023,discogs_v1,1.0.0
discogs:35207368,35207368,The Art Of Loving,Olivia Dean · 2025,discogs_v1,1.0.0
discogs:6445200,6445200,Christmas Cocktails Part Two,Various · 2014,discogs_v1,1.0.0
discogs:10419772,10419772,Selections From Rodgers & Hammerstein's South Pacific (Part 3),Les Baxter & His Orchestra · 1958,discogs_v1,1.0.0
discogs:440280,440280,Songs Of Experience,David Axelrod · 2000,discogs_v1,1.0.0
discogs:1146704,1146704,Country Preacher,The Cannonball Adderley Quintet · 1970,discogs_v1,1.0.0
discogs:679324,679324,Earth Rot,David Axelrod · 1970,discogs_v1,1.0.0
discogs:2644459,2644459,In Concert,Bob Wills & His Texas Playboys · 1976,discogs_v1,1.0.0
discogs:5603801,5603801,Diamond In The Rough,Jessi Colter,discogs_v1,1.0.0
discogs:5446274,5446274,The Best Of Lou Rawls,Lou Rawls · 1974,discogs_v1,1.0.0
discogs:9816236,9816236,Abbey Road,The Beatles · 1976,discogs_v1,1.0.0
discogs:2258760,2258760,Too Late To Worry-Too Blue To Cry,Glen Campbell · 1968,discogs_v1,1.0.0
discogs:5268618,5268618,The Heart And Soul Of Ferlin Husky,Ferlin Husky · 1963,discogs_v1,1.0.0
discogs:5663679,5663679,Country Hits...Feelin' Blue,Tennessee Ernie Ford · 1964,discogs_v1,1.0.0
discogs:1523619,1523619,"Mercy, Mercy, Mercy! - Live At ""The Club""",The Cannonball Adderley Quintet · 1967,discogs_v1,1.0.0
discogs:1057508,1057508,The Funky Organ-ization Of Henry Cain,Henry Cain · 1968,discogs_v1,1.0.0
discogs:1061312,1061312,The Look Of Love And The Sounds Of Laurindo Almeida,Laurindo Almeida · 1968,discogs_v1,1.0.0
discogs:1992378,1992378,Song Of Innocence,David Axelrod · 1968,discogs_v1,1.0.0
discogs:993430,993430,I'm Jessi Colter,Jessi Colter · 1975,discogs_v1,1.0.0
discogs:6470137,6470137,A Merry Hawaiian Christmas,The Hawaii Calls Orchestra And Chorus,discogs_v1,1.0.0
discogs:2704649,2704649,That's Lou,Lou Rawls · 1967,discogs_v1,1.0.0
discogs:573313,573313,Soul Sugar,Jimmy McGriff · 1970,discogs_v1,1.0.0
discogs:2745226,2745226,"A Tribute To The Best Damn Fiddle Player In The World: Or, My Salute To Bob Wills",Merle Haggard · 1970,discogs_v1,1.0.0
discogs:4814695,4814695,Endless Summer,The Beach Boys · 1974,discogs_v1,1.0.0
discogs:869779,869779,Spirit Of America,The Beach Boys · 1975,discogs_v1,1.0.0
discogs:1701196,1701196,The Price You Got To Pay To Be Free,The Cannonball Adderley Quintet · 1970,discogs_v1,1.0.0
discogs:1308895,1308895,Best Of The Beach Boys,The Beach Boys · 1966,discogs_v1,1.0.0
discogs:9434258,9434258,Cannonball Adderley Live!,Cannonball Adderley · 1981,discogs_v1,1.0.0
discogs:5770952,5770952,By The Time I Get To Phoenix,Glen Campbell · 1967,discogs_v1,1.0.0
discogs:576376,576376,Carryin' On!,Lou Rawls · 1966,discogs_v1,1.0.0
discogs:4611180,4611180,Most Of All,Hank Thompson · 1960,discogs_v1,1.0.0
discogs:960934,960934,Tina Live In Europe,Tina Turner · 1988,discogs_v1,1.0.0
discogs:3404879,3404879,The Best Of Lou Rawls,Lou Rawls · 1974,discogs_v1,1.0.0
discogs:10822495,10822495,So Tonight That I Might See,Mazzy Star · 2017,discogs_v1,1.0.0
discogs:11275221,11275221,A Capitol Christmas Volume Two,Various · 2017,discogs_v1,1.0.0
discogs:32377596,32377596,A Peace Of Us,"Dean & Britta, Sonic Boom · 2024",discogs_v1,1.0.0
discogs:1066923,1066923,Atlantic Records History Of Rhythm And Blues Vocal Groups,Various · 1983,discogs_v1,1.0.0
discogs:2270651,2270651,Bolling: Toot Suite,Maurice André / Claude Bolling · 1981,discogs_v1,1.0.0
discogs:650239,650239,The Surveillance,Trans Am · 1998,discogs_v1,1.0.0
discogs:31200277,31200277,Charm,Clairo · 2024,discogs_v1,1.0.0
discogs:1358447,1358447,Street Called Desire,René & Angela · 1985,discogs_v1,1.0.0
discogs:17506498,17506498,Soul Slabs Vol. 1,Various · 2021,discogs_v1,1.0.0
discogs:13332158,13332158,Soul Slabs Vol. 2,Various · 2019,discogs_v1,1.0.0
discogs:19027603,19027603,Soul Slabs Vol. 3,Various · 2021,discogs_v1,1.0.0
discogs:33898146,33898146,A Tiger's Tale,Leroi Conroy · 2025,discogs_v1,1.0.0
discogs:28687495,28687495,Changing Light,The Ironsides · 2023,discogs_v1,1.0.0
discogs:33638112,33638112,Soul Slabs Vol. 4,Various · 2025,discogs_v1,1.0.0
discogs:33250104,33250104,Entrance Music,Okonski · 2025,discogs_v1,1.0.0
discogs:14608986,14608986,A Legendary Christmas,John Legend · 2019,discogs_v1,1.0.0
discogs:10713924,10713924,Something To Tell You,Haim · 2017,discogs_v1,1.0.0
discogs:2073591,2073591,The Best Of '66 Volume Two,Various · 1967,discogs_v1,1.0.0
discogs:1305487,1305487,Merry Christmas,Jim Nabors · 1972,discogs_v1,1.0.0
discogs:2749149,2749149,Dueling Banjos,Earl Scruggs · 1973,discogs_v1,1.0.0
discogs:2041629,2041629,Miles Ahead,"Miles Davis + 19, Gil Evans · 1987",discogs_v1,1.0.0
discogs:2562403,2562403,Milestones,Miles Davis · 1958,discogs_v1,1.0.0
discogs:2539726,2539726,"Now, There Was A Song!",Johnny Cash · 1960,discogs_v1,1.0.0
discogs:1430815,1430815,Ring Of Fire  (The Best Of Johnny Cash),Johnny Cash · 1963,discogs_v1,1.0.0
discogs:2037162,2037162,The Andy Williams Christmas Album,Andy Williams · 1963,discogs_v1,1.0.0
discogs:1819993,1819993,I Love Paris,Michel Legrand Et Son Orchestre · 1954,discogs_v1,1.0.0
discogs:4851131,4851131,Passport To Romance,Percy Faith & His Orchestra · 1956,discogs_v1,1.0.0
discogs:1157990,1157990,'Round About Midnight,Miles Davis · 1957,discogs_v1,1.0.0
discogs:1903323,1903323,Porgy And Bess,Miles Davis · 1959,discogs_v1,1.0.0
discogs:3269762,3269762,In The Arms Of Love,Andy Williams · 1967,discogs_v1,1.0.0
discogs:4887595,4887595,Kiss Me Goodbye,Jim Nabors · 1968,discogs_v1,1.0.0
discogs:1488165,1488165,Miles In The Sky,Miles Davis · 1968,discogs_v1,1.0.0
discogs:1287354,1287354,At Folsom Prison,Johnny Cash · 1968,discogs_v1,1.0.0
discogs:1081165,1081165,Sweetheart Of The Rodeo,The Byrds · 1968,discogs_v1,1.0.0
discogs:1595647,1595647,Johnny Cash At San Quentin,Johnny Cash · 1969,discogs_v1,1.0.0
discogs:1176765,1176765,Happy Heart,Andy Williams · 1969,discogs_v1,1.0.0
discogs:15013071,15013071,Zenith Presents Encore '71,Various · 1971,discogs_v1,1.0.0
discogs:2918845,2918845,Greatest Hits Vol. II,Larry Gatlin & The Gatlin Brothers · 1983,discogs_v1,1.0.0
discogs:6449835,6449835,Animals,Pink Floyd,discogs_v1,1.0.0
discogs:1603008,1603008,America: A 200 Year Salute In Story And Song,Johnny Cash · 1972,discogs_v1,1.0.0
discogs:489717,489717,Raw Power,The Stooges · 1973,discogs_v1,1.0.0
discogs:605328,605328,Bridge Over Troubled Water,Simon & Garfunkel · 1970,discogs_v1,1.0.0
discogs:8708322,8708322,Mingus Ah Um,Charles Mingus · 2016,discogs_v1,1.0.0
discogs:371411,371411,This Year's Model,Elvis Costello · 1984,discogs_v1,1.0.0
discogs:13449657,13449657,Nebraska,Bruce Springsteen · 1982,discogs_v1,1.0.0
discogs:542842,542842,The Best Of '66: Volume One,Various · 1967,discogs_v1,1.0.0
discogs:3204455,3204455,Gershwin's Greatest Hits,George Gershwin · 1971,discogs_v1,1.0.0
discogs:5195830,5195830,A Very Merry Christmas Volume IV,Various · 1970,discogs_v1,1.0.0
discogs:15557294,15557294,Women In Music Pt. III,Haim · 2020,discogs_v1,1.0.0
discogs:34353358,34353358,I Quit,Haim · 2025,discogs_v1,1.0.0
discogs:2556558,2556558,The Midnight Oil,Barbara Mandrell · 1973,discogs_v1,1.0.0
discogs:1017812,1017812,Jar Of Flies / Sap,Alice In Chains · 1994,discogs_v1,1.0.0
discogs:7988804,7988804,Welcome To Columbia Country,Various · 1967,discogs_v1,1.0.0
discogs:372286,372286,Quiet Nights,Miles Davis · 1977,discogs_v1,1.0.0
discogs:34906823,34906823,Funky Stuff = ファンキー・スタッフ,Jiro Inagaki & Soul Media = Jiro Inagaki & Soul Media · 2025,discogs_v1,1.0.0
discogs:1108650,1108650,The Stranger,Billy Joel · 1977,discogs_v1,1.0.0
discogs:6452727,6452727,The Christmas Spirit,Johnny Cash · 2014,discogs_v1,1.0.0
discogs:28449943,28449943,Days Are Gone,Haim · 2023,discogs_v1,1.0.0
discogs:35775421,35775421,"Live At The Plugged Nickel: December 23, 1965 (Second Set)",Miles Davis · 2025,discogs_v1,1.0.0
discogs:79767,79767,Fusion,Fauna Flash · 2001,discogs_v1,1.0.0
discogs:23760947,23760947,Watch Over Me (Early Works 2002 ​- 2009),Lissie · 2022,discogs_v1,1.0.0
discogs:28701418,28701418,Stax Christmas,Various · 2023,discogs_v1,1.0.0
discogs:31768313,31768313,Live At The Opera House,Sylvester · 2024,discogs_v1,1.0.0
discogs:21109579,21109579,The Twenty-Fifth Day Of December,The Staple Singers · 2021,discogs_v1,1.0.0
discogs:14662653,14662653,Who's Making Love,Johnnie Taylor · 2019,discogs_v1,1.0.0
discogs:29010598,29010598,Written In Their Soul (The Hits: The Stax Songwriter Demos),Various · 2023,discogs_v1,1.0.0
discogs:353880,353880,Creative Cookery,Balduin · 2001,discogs_v1,1.0.0
discogs:253843,253843,Super Fly,Curtis Mayfield · 1972,discogs_v1,1.0.0
discogs:25908871,25908871,Curtis,Curtis Mayfield · 2023,discogs_v1,1.0.0
discogs:319380,319380,Suspiria (Original Motion Picture Soundtrack),Goblin · 2000,discogs_v1,1.0.0
discogs:1027897,1027897,...4..3..2..1... Morte,Antón García Abril & Marcello Giombini · 2001,discogs_v1,1.0.0
discogs:877535,877535,Il Serpente (Original Motion Picture Soundtrack),Ennio Morricone · 2002,discogs_v1,1.0.0
discogs:1104796,1104796,"100 Days, 100 Nights",Sharon Jones & The Dap-Kings · 2007,discogs_v1,1.0.0
discogs:20941060,20941060,It's A Holiday Soul Party,Sharon Jones & The Dap-Kings · 2021,discogs_v1,1.0.0
discogs:28186123,28186123,Come Around And Love Me,Jalen N'Gonda · 2023,discogs_v1,1.0.0
discogs:36342697,36342697,In Search Of A Revival,The Olympians · 2026,discogs_v1,1.0.0
discogs:1004125,1004125,Moog Sensations,Jean-Jacques Perrey · 2001,discogs_v1,1.0.0
discogs:12481563,12481563,Monolog,Jon Krocker · 2018,discogs_v1,1.0.0
discogs:4899952,4899952,School Daze,Patrick Cowley · 2013,discogs_v1,1.0.0
discogs:7492163,7492163,Muscle Up,Patrick Cowley · 2015,discogs_v1,1.0.0
discogs:13388399,13388399,Dont Smile At Me,Billie Eilish · 2018,discogs_v1,1.0.0
discogs:30691885,30691885,Hit Me Hard And Soft,Billie Eilish · 2024,discogs_v1,1.0.0
discogs:19673320,19673320,"When We All Fall Asleep, Where Do We Go?",Billie Eilish · 2019,discogs_v1,1.0.0
discogs:19677331,19677331,Happier Than Ever,Billie Eilish · 2021,discogs_v1,1.0.0
discogs:13652508,13652508,Con Todo El Mundo,Khruangbin,discogs_v1,1.0.0
discogs:18988069,18988069,Jubilee,Japanese Breakfast · 2021,discogs_v1,1.0.0
discogs:14756037,14756037,Texas Sun,Khruangbin & Leon Bridges · 2020,discogs_v1,1.0.0
discogs:21902089,21902089,Texas Moon,Khruangbin & Leon Bridges · 2022,discogs_v1,1.0.0
discogs:33439859,33439859,For Melancholy Brunettes (& Sad Women),Japanese Breakfast · 2025,discogs_v1,1.0.0
discogs:5741447,5741447,That's How A Heartache Begins,Patsy Cline · 1964,discogs_v1,1.0.0
discogs:12394249,12394249,Magnificent Obsession (Original Motion Picture Soundtrack),Joseph Gershenson · 1955,discogs_v1,1.0.0
discogs:3497955,3497955,Magnificent Obsession (Original Motion Picture Soundtrack),Joseph Gershenson · 1954,discogs_v1,1.0.0
discogs:5780514,5780514,The Best Of The Ink Spots,The Ink Spots · 1955,discogs_v1,1.0.0
discogs:90096,90096,The Cold Vein,Cannibal Ox · 2001,discogs_v1,1.0.0
discogs:32429202,32429202,Propaganda,Sparks · 2024,discogs_v1,1.0.0
discogs:1036338,1036338,Soul Donkey,Sugarman 3 · 1999,discogs_v1,1.0.0
discogs:15481542,15481542,Goo,Sonic Youth · 2015,discogs_v1,1.0.0
discogs:14341626,14341626,MTV Unplugged In New York,Nirvana · 2019,discogs_v1,1.0.0
discogs:8571341,8571341,From The Muddy Banks Of The Wishkah,Nirvana · 2016,discogs_v1,1.0.0
discogs:7097051,7097051,Nevermind,Nirvana · 2015,discogs_v1,1.0.0
discogs:28714897,28714897,In Utero,Nirvana · 2023,discogs_v1,1.0.0
discogs:984698,984698,St. Pauli Affairs,Various · 2001,discogs_v1,1.0.0
discogs:934193,934193,Troupeau Bleu,Cortex · 1975,discogs_v1,1.0.0
discogs:10844047,10844047,Françoise Hardy,Françoise Hardy · 2017,discogs_v1,1.0.0
discogs:12857760,12857760,The Phil Spector Christmas Album (A Christmas Gift For You),Various · 2013,discogs_v1,1.0.0
discogs:33347450,33347450,Blood On The Silver Screen,Sasami · 2025,discogs_v1,1.0.0
discogs:30718148,30718148,American Weekend,Waxahatchee · 2024,discogs_v1,1.0.0
discogs:32201589,32201589,Cerulean Salt,Waxahatchee · 2024,discogs_v1,1.0.0
discogs:12768110,12768110,Black Velvet,Charles Bradley Featuring Menahan Street Band · 2018,discogs_v1,1.0.0
discogs:24566663,24566663,Changes,Charles Bradley · 2022,discogs_v1,1.0.0
discogs:26823269,26823269,El Bueno Y El Malo,Hermanos Gutiérrez · 2023,discogs_v1,1.0.0
discogs:31442732,31442732,Sonido Cosmico,Hermanos Gutiérrez · 2024,discogs_v1,1.0.0
discogs:19685530,19685530,Stand For Myself,Yola · 2021,discogs_v1,1.0.0
discogs:19802872,19802872,Stand For Myself,Yola · 2021,discogs_v1,1.0.0
discogs:2104695,2104695,"Svezia, Inferno E Paradiso (The Original Complete Motion Picture Soundtrack)",Piero Umiliani · 1997,discogs_v1,1.0.0
discogs:1157303,1157303,Forever Changes,Love · 1967,discogs_v1,1.0.0
discogs:33543993,33543993,Tracy Chapman,Tracy Chapman · 2025,discogs_v1,1.0.0
discogs:35794531,35794531,The Complete Elektra Albums,Love · 2025,discogs_v1,1.0.0
discogs:27535212,27535212,Messy,Olivia Dean · 2023,discogs_v1,1.0.0
discogs:491954,491954,The Isaac Hayes Movement,Isaac Hayes · 1970,discogs_v1,1.0.0
discogs:1893905,1893905,Shaft,Isaac Hayes · 1971,discogs_v1,1.0.0
discogs:472605,472605,Tough Guys (Music From The Soundtrack Of The Paramount Release 'Three Tough Guys'),Isaac Hayes · 1974,discogs_v1,1.0.0
discogs:534002,534002,The Best Of Isaac Hayes,Isaac Hayes · 1974,discogs_v1,1.0.0
discogs:550990,550990,Live At The Sahara Tahoe,Isaac Hayes · 1973,discogs_v1,1.0.0
discogs:2634535,2634535,Isaac Hayes Live At The Sahara Tahoe,Isaac Hayes · 1973,discogs_v1,1.0.0
discogs:3427163,3427163,Here Comes Shuggie Otis,Shuggie Otis · 1970,discogs_v1,1.0.0
discogs:5472735,5472735,Christmas At Gilley's,Mickey Gilley · 1981,discogs_v1,1.0.0
discogs:3785693,3785693,We Go Together,George Jones & Tammy Wynette · 1971,discogs_v1,1.0.0
discogs:191641,191641,Inspiration Information,Shuggie Otis · 1974,discogs_v1,1.0.0
discogs:3680550,3680550,Pike's Peak,Dave Pike Quartet · 1962,discogs_v1,1.0.0
discogs:12695905,12695905,Big City,Merle Haggard,discogs_v1,1.0.0
discogs:947850,947850,Diamond Life,Sade · 1984,discogs_v1,1.0.0
discogs:759698,759698,Dream Police,Cheap Trick · 1979,discogs_v1,1.0.0
discogs:2432353,2432353,"Heard Ya Missed Me, Well I'm Back",Sly & The Family Stone · 1976,discogs_v1,1.0.0
discogs:4778723,4778723,Greatest Hits / Live,Heart,discogs_v1,1.0.0
discogs:398759,398759,Greatest Hits,ABBA · 1976,discogs_v1,1.0.0
discogs:4228036,4228036,Morning View,Incubus · 2013,discogs_v1,1.0.0
discogs:7650075,7650075,Ten,Pearl Jam · 2009,discogs_v1,1.0.0
discogs:1519429,1519429,Twistin' The Night Away,Sam Cooke,discogs_v1,1.0.0
discogs:31506614,31506614,Immunity,Clairo · 2024,discogs_v1,1.0.0
discogs:2646365,2646365,Hard Hands,Ray Barretto,discogs_v1,1.0.0
discogs:157658,157658,Heavy Axe,David Axelrod · 1974,discogs_v1,1.0.0
discogs:1168844,1168844,Since We Met,The Bill Evans Trio · 1976,discogs_v1,1.0.0
discogs:147829,147829,Step II,Sylvester · 1978,discogs_v1,1.0.0
discogs:103546,103546,Sell My Soul,Sylvester · 1980,discogs_v1,1.0.0
discogs:508289,508289,Too Hot To Sleep,Sylvester · 1981,discogs_v1,1.0.0
discogs:14309190,14309190,A Charlie Brown Christmas,Vince Guaraldi Trio · 2019,discogs_v1,1.0.0
discogs:34957562,34957562,A Charlie Brown Christmas,Vince Guaraldi Trio · 2025,discogs_v1,1.0.0
discogs:208217,208217,Pieces Of Ipanema,Azymuth · 1999,discogs_v1,1.0.0
discogs:8490605,8490605,Burnside On Burnside,R.L. Burnside,discogs_v1,1.0.0
discogs:13665586,13665586,Act Surprised,Sebadoh · 2019,discogs_v1,1.0.0
discogs:33847461,33847461,From Newman Street,Kassi Valazza · 2025,discogs_v1,1.0.0
discogs:864732,864732,The Minx,The Cyrkle · 1970,discogs_v1,1.0.0
discogs:575871,575871,O Universo Rítmico De Guem,Guem · 2001,discogs_v1,1.0.0
discogs:22965146,22965146,Boy Child - The Best Of 1967 - 1970,Scott Walker · 2022,discogs_v1,1.0.0
discogs:9250776,9250776,Dig Your Own Hole,The Chemical Brothers · 2016,discogs_v1,1.0.0
discogs:5132695,5132695,Elvis' Christmas Album,Elvis Presley · 2012,discogs_v1,1.0.0
discogs:12338800,12338800,His Hand In Mine,Elvis Presley · 2018,discogs_v1,1.0.0
discogs:1342893,1342893,The Innocent Age,Dan Fogelberg · 1981,discogs_v1,1.0.0
discogs:1329690,1329690,Greatest Hits,Dan Fogelberg · 1982,discogs_v1,1.0.0
discogs:407038,407038,The Mighty Mellow - The Sequel (A Psycho-Funk Resurrection!),Various,discogs_v1,1.0.0
discogs:10310993,10310993,XO,Elliott Smith · 2017,discogs_v1,1.0.0
discogs:26036083,26036083,Live At The Paramount,Nirvana · 2023,discogs_v1,1.0.0
discogs:1526433,1526433,Dummy,Portishead · 2000,discogs_v1,1.0.0
discogs:5067876,5067876,Dorsey Shows,Elvis Presley · 1977,discogs_v1,1.0.0
discogs:25074481,25074481,Christmas Time,James Brown · 2022,discogs_v1,1.0.0
discogs:1821006,1821006,Beyond The Valley Of The Beats,Various · 1997,discogs_v1,1.0.0
discogs:1298513,1298513,Version Excursion,Various · 2000,discogs_v1,1.0.0
discogs:5389567,5389567,"The Great All-Time Country Hits, Volume 1",Various · 1961,discogs_v1,1.0.0
discogs:6278416,6278416,The Dark Side Of The Moon,Pink Floyd · 1973,discogs_v1,1.0.0
discogs:13961843,13961843,Country Squire,Tyler Childers · 2019,discogs_v1,1.0.0
discogs:10659254,10659254,Purgatory,Tyler Childers · 2017,discogs_v1,1.0.0
discogs:16854648,16854648,Long Violent History,Tyler Childers · 2021,discogs_v1,1.0.0
discogs:34640752,34640752,Snipe Hunter,Tyler Childers · 2025,discogs_v1,1.0.0
discogs:36754642,36754642,Mutiny After Midnight,Johnny Blue Skies · 2026,discogs_v1,1.0.0
discogs:3764657,3764657,Wings Of A Dove,Ferlin Husky,discogs_v1,1.0.0
discogs:2180215,2180215,Weed Forestin,Sebadoh · 1990,discogs_v1,1.0.0
discogs:998132,998132,The Fabulous James Brown,James Brown · 1978,discogs_v1,1.0.0
discogs:1711725,1711725,Songs The Lord Taught Us,The Cramps · 1980,discogs_v1,1.0.0
discogs:15980990,15980990,Palo Alto,Thelonious Monk · 2020,discogs_v1,1.0.0
discogs:20192233,20192233,Star-Crossed,Kacey Musgraves · 2021,discogs_v1,1.0.0
discogs:30103523,30103523,Deeper Well,Kacey Musgraves · 2024,discogs_v1,1.0.0
discogs:9119320,9119320,Songs About Jane,Maroon 5 · 2016,discogs_v1,1.0.0
discogs:31222795,31222795,Big Ideas,Remi Wolf · 2024,discogs_v1,1.0.0
discogs:33675852,33675852,You're a Dog! / I'm Allergic To Dogs!,Remi Wolf · 2025,discogs_v1,1.0.0
discogs:34761089,34761089,Dollar A Day,Charley Crockett · 2025,discogs_v1,1.0.0
discogs:2024570,2024570,Liege & Lief,Fairport Convention · 1969,discogs_v1,1.0.0
discogs:743546,743546,Indiscreet,Sparks · 1975,discogs_v1,1.0.0
discogs:33059832,33059832,This Wasn't Meant For You Anyway,Lola Young · 2025,discogs_v1,1.0.0
discogs:35136815,35136815,I'm Only F**king Myself,Lola Young · 2025,discogs_v1,1.0.0
discogs:1734063,1734063,Full House,Fairport Convention · 1970,discogs_v1,1.0.0
discogs:1993680,1993680,Rising For The Moon,Fairport Convention · 1975,discogs_v1,1.0.0
discogs:33401849,33401849,Lonesome Drifter,Charley Crockett · 2025,discogs_v1,1.0.0
discogs:13968158,13968158,Lungs,Florence And The Machine · 2019,discogs_v1,1.0.0
discogs:32107221,32107221,The Complete James Brown Christmas,James Brown · 2024,discogs_v1,1.0.0
discogs:27937461,27937461,Struttin',The Meters · 2023,discogs_v1,1.0.0
discogs:1361007,1361007,"For Emma, Forever Ago",Bon Iver · 2008,discogs_v1,1.0.0
discogs:5374725,5374725,Burn Your Fire For No Witness,Angel Olsen · 2014,discogs_v1,1.0.0
discogs:33659028,33659028,"Sable, Fable",Bon Iver · 2025,discogs_v1,1.0.0
discogs:36957222,36957222,Volumes: One - Selections From Music Concerts 2019-2023 Bon Iver 6 Piece Band,Bon Iver · 2026,discogs_v1,1.0.0
discogs:767050,767050,The Early Years,Al Stewart · 1977,discogs_v1,1.0.0
discogs:3120128,3120128,Year Of The Cat,Al Stewart · 1976,discogs_v1,1.0.0
discogs:32463546,32463546,The Golden Hour,Various · 2024,discogs_v1,1.0.0
discogs:16279882,16279882,Orange Sunset,Various · 2020,discogs_v1,1.0.0
discogs:40753,40753,Waltz For Koop,Koop · 2002,discogs_v1,1.0.0
discogs:4411658,4411658,24 Country & Western Greats Vol. 6,Various · 1972,discogs_v1,1.0.0
discogs:1992362,1992362,The Living Legend,Bob Wills · 1969,discogs_v1,1.0.0
discogs:35142575,35142575,Next,Kendra Morris · 2025,discogs_v1,1.0.0
discogs:32395767,32395767,The Celestial Suite,Pale Jay · 2024,discogs_v1,1.0.0
discogs:32232705,32232705,Either / Or,Elliott Smith · 2024,discogs_v1,1.0.0
discogs:1376983,1376983,Super Bad,James Brown · 1971,discogs_v1,1.0.0
discogs:16061336,16061336,Takk...,Sigur Rós · 2020,discogs_v1,1.0.0
discogs:609020,609020,Anything Goes,Ron Carter · 1975,discogs_v1,1.0.0
discogs:19224334,19224334,Vincent Neil Emerson,Vincent Neil Emerson · 2021,discogs_v1,1.0.0
discogs:27668589,27668589,Little Songs,Colter Wall · 2023,discogs_v1,1.0.0
discogs:31767260,31767260,Fried Chicken And Evil Women,Vincent Neil Emerson · 2024,discogs_v1,1.0.0
discogs:20096806,20096806,No Code,Pearl Jam · 2021,discogs_v1,1.0.0
discogs:13988431,13988431,"International Hotel Las Vegas, Nevada August 26, 1969",Elvis Presley · 2019,discogs_v1,1.0.0
discogs:5414159,5414159,A Living Legend,Bob Wills & Tommy Duncan With The Texas Playboys · 1961,discogs_v1,1.0.0
discogs:1839420,1839420,The Best Of Martin Denny,Martin Denny · 1961,discogs_v1,1.0.0
discogs:11194748,11194748,Kites Are Fun,The Free Design · 2017,discogs_v1,1.0.0
discogs:3794218,3794218,Country Funk 1969-1975,Various · 2012,discogs_v1,1.0.0
discogs:19695823,19695823,Country Funk III 1975-1982,Various · 2021,discogs_v1,1.0.0
discogs:15095789,15095789,Stone Crush (Memphis Modern Soul 1977-1987),Various · 2020,discogs_v1,1.0.0
discogs:23508005,23508005,Nancy & Lee,Nancy Sinatra & Lee Hazlewood · 2022,discogs_v1,1.0.0
discogs:26269073,26269073,"Pacific Breeze 3: Japanese City Pop, AOR And Boogie 1975-1987",Various · 2023,discogs_v1,1.0.0
discogs:30355625,30355625,Room 41,Paul Cauthen · 2024,discogs_v1,1.0.0
discogs:244825,244825,Nuggets - Luke Vibert's Selection,Luke Vibert · 2001,discogs_v1,1.0.0
discogs:16573203,16573203,Perfectly Imperfect At The Ryman,Margo Price · 2020,discogs_v1,1.0.0
discogs:25811092,25811092,Strays,Margo Price · 2023,discogs_v1,1.0.0
discogs:29010217,29010217,Strays: Live At Grimey's,Margo Price · 2023,discogs_v1,1.0.0
discogs:34949144,34949144,Hard Headed Woman,Margo Price · 2025,discogs_v1,1.0.0
discogs:15846460,15846460,That's How Rumors Get Started,Margo Price · 2020,discogs_v1,1.0.0
discogs:31818530,31818530,Rhinestoned,Maggie Antone · 2024,discogs_v1,1.0.0
discogs:518490,518490,Inspiration Information,Shuggie Otis · 2001,discogs_v1,1.0.0
discogs:5353903,5353903,Havana At 2 A.M.,Jose Madeira And His Orchestra / Carlos Montoya · 1957,discogs_v1,1.0.0
discogs:6158352,6158352,If You're Feeling Sinister,Belle & Sebastian · 2014,discogs_v1,1.0.0
discogs:28274428,28274428,Electric Version,The New Pornographers · 2023,discogs_v1,1.0.0
discogs:11960013,11960013,Golden Hour,Kacey Musgraves · 2018,discogs_v1,1.0.0
discogs:31814138,31814138,When I Think Of Christmas,Amy Grant & Vince Gill · 2024,discogs_v1,1.0.0
discogs:16012137,16012137,The Kacey Musgraves Christmas Show,Kacey Musgraves · 2020,discogs_v1,1.0.0
discogs:17664133,17664133,Rhythm Country And Blues,Various · 2021,discogs_v1,1.0.0
discogs:304952,304952,The Private Press,DJ Shadow · 2002,discogs_v1,1.0.0
discogs:1205156,1205156,Very Together,Eumir Deodato · 1976,discogs_v1,1.0.0
discogs:991243,991243,Louisiana Woman-Mississippi Man,Conway Twitty & Loretta Lynn · 1973,discogs_v1,1.0.0
discogs:4330664,4330664,Merry Christmas,Bing Crosby · 1980,discogs_v1,1.0.0
discogs:1512399,1512399,His 12 Greatest Hits,Neil Diamond · 1974,discogs_v1,1.0.0
discogs:2021852,2021852,It's A Good Night For Singin',Jerry Jeff Walker · 1977,discogs_v1,1.0.0
discogs:2404653,2404653,Entertainer Of The Year - Loretta,Loretta Lynn · 1973,discogs_v1,1.0.0
discogs:15681780,15681780,Loretta,Loretta Lynn · 1980,discogs_v1,1.0.0
discogs:3562423,3562423,Loretta,Loretta Lynn · 1980,discogs_v1,1.0.0
discogs:1153596,1153596,Whirlwinds,Eumir Deodato · 1974,discogs_v1,1.0.0
discogs:3318568,3318568,Back To The Country,Loretta Lynn · 1975,discogs_v1,1.0.0
discogs:594434,594434,Inherit The Wind,Wilton Felder · 1980,discogs_v1,1.0.0
discogs:35550985,35550985,Cherry Valley,Carter Faith · 2025,discogs_v1,1.0.0
discogs:901735,901735,Sorcerer,Tangerine Dream · 1977,discogs_v1,1.0.0
discogs:4155266,4155266,Steel Guitars Of The Grand Ole Opry,"Sonny Burnette, Hal Rugg, Weldon Myrick · 1975",discogs_v1,1.0.0
discogs:377464,377464,Ride The Lightning,Metallica · 1984,discogs_v1,1.0.0
discogs:1644515,1644515,Archives,Rush · 1978,discogs_v1,1.0.0
discogs:814617,814617,2112,Rush · 1976,discogs_v1,1.0.0
discogs:4486131,4486131,Same Trailer Different Park,Kacey Musgraves · 2013,discogs_v1,1.0.0
discogs:33668487,33668487,Strange Trails,Lord Huron · 2025,discogs_v1,1.0.0
discogs:2928384,2928384,Cugat's Favorites,Xavier Cugat And His Orchestra · 1955,discogs_v1,1.0.0
discogs:3626106,3626106,Hear! Hear!,The Searchers · 1964,discogs_v1,1.0.0
discogs:1535900,1535900,Mom Always Liked You Best!,Smothers Brothers · 1965,discogs_v1,1.0.0
discogs:1899931,1899931,Viva Cugat!,Xavier Cugat And His Orchestra · 1961,discogs_v1,1.0.0
discogs:3715748,3715748,In Search Of A Song,Tom T. Hall · 1971,discogs_v1,1.0.0
discogs:1664012,1664012,Bad Reputation,Thin Lizzy · 1977,discogs_v1,1.0.0
discogs:33137472,33137472,Plus One,The War and Treaty · 2025,discogs_v1,1.0.0
discogs:7221618,7221618,Pageant Material,Kacey Musgraves · 2015,discogs_v1,1.0.0
discogs:26446040,26446040,Lover's Game,The War And Treaty · 2023,discogs_v1,1.0.0
discogs:9366411,9366411,A Very Kacey Christmas,Kacey Musgraves · 2016,discogs_v1,1.0.0
discogs:34573432,34573432,The Cosmic Selector Vol. 1,Lord Huron · 2025,discogs_v1,1.0.0
discogs:13413904,13413904,Moving Pictures,Rush · 2019,discogs_v1,1.0.0
discogs:2567070,2567070,Some Like It Modern,The Three Sounds · 1963,discogs_v1,1.0.0
discogs:1597026,1597026,The Pawnbroker (Explosive Motion Picture Score),Quincy Jones And His Orchestra · 1965,discogs_v1,1.0.0
discogs:949937,949937,Injoy,Bar-Kays · 1979,discogs_v1,1.0.0
discogs:25103467,25103467,A Very She & Him Christmas,She & Him · 2022,discogs_v1,1.0.0
discogs:20152780,20152780,Saint Cloud,Waxahatchee · 2020,discogs_v1,1.0.0
discogs:8145070,8145070,Dick Hyman & Harpsichord In HI-FI,Dick Hyman · 1957,discogs_v1,1.0.0
discogs:1893908,1893908,2001: A Space Odyssey (Music From The Motion Picture Sound Track),Various · 1968,discogs_v1,1.0.0
discogs:59125,59125,Endtroducing.....,DJ Shadow · 1996,discogs_v1,1.0.0
discogs:4923105,4923105,Sketches Of Spain,Miles Davis · 2013,discogs_v1,1.0.0
discogs:9541042,9541042,My Funny Valentine - Miles Davis In Concert,Miles Davis · 2016,discogs_v1,1.0.0
discogs:13138163,13138163,Mint,Alice Merton · 2019,discogs_v1,1.0.0
discogs:2300054,2300054,Kristofferson,Kris Kristofferson · 1970,discogs_v1,1.0.0
discogs:389132,389132,Black Forest Explosion!,Horst Jankowski · 1997,discogs_v1,1.0.0
discogs:2180184,2180184,Marvin Gaye Live At The London Palladium,Marvin Gaye · 1977,discogs_v1,1.0.0
discogs:2085833,2085833,25 #1 Hits From 25 Years,Various · 1983,discogs_v1,1.0.0
discogs:826477,826477,The Supremes At The Copa,The Supremes · 1965,discogs_v1,1.0.0
discogs:5098930,5098930,The Original Sound Track From TCB,The Supremes With The Temptations · 1968,discogs_v1,1.0.0
discogs:6551453,6551453,Dreamboat Annie,Heart · 1975,discogs_v1,1.0.0
discogs:16277042,16277042,A Very Cool Christmas 2,Various · 2020,discogs_v1,1.0.0
discogs:14397469,14397469,Ege Bamyasi,Can · 2019,discogs_v1,1.0.0
discogs:1302442,1302442,Motown Show Tunes,Various · 1977,discogs_v1,1.0.0
discogs:36157522,36157522,Bloodline,Mon Rovîa · 2026,discogs_v1,1.0.0
discogs:3009771,3009771,Pop Electronique,Cecil Leuter,discogs_v1,1.0.0
discogs:9776285,9776285,Live From Austin TX,Neko Case · 2017,discogs_v1,1.0.0
discogs:20967928,20967928,An Americana Christmas,Various · 2020,discogs_v1,1.0.0
discogs:23888087,23888087,Special,Lizzo · 2022,discogs_v1,1.0.0
discogs:155407,155407,Discern / Define,The Poets Of Rhythm · 2001,discogs_v1,1.0.0
discogs:28041069,28041069,You're The One,Rhiannon Giddens · 2023,discogs_v1,1.0.0
discogs:28175809,28175809,Hijos Del Sol,Hermanos Gutiérrez · 2023,discogs_v1,1.0.0
discogs:21299938,21299938,How The Mighty Fall,Charles Wesley Godwin · 2021,discogs_v1,1.0.0
discogs:7672730,7672730,A Christmas At Chateau Ste. Michelle,"The Northwest Boy Choir, The Northwest Youth Choir · 1986",discogs_v1,1.0.0
discogs:35082605,35082605,If I Were The Devil,Colby Acuff · 2025,discogs_v1,1.0.0
discogs:35679322,35679322,Space Of The Heart,Goldford · 2025,discogs_v1,1.0.0
discogs:33109209,33109209,Barnyard Beehive,Various · 2025,discogs_v1,1.0.0
discogs:25926949,25926949,Wayfaring Strangers: Cosmic American Music,Various · 2023,discogs_v1,1.0.0
discogs:31958855,31958855,Cosmic American Music: Motel California,Various · 2024,discogs_v1,1.0.0
discogs:23641328,23641328,Valley Of The Sun: Field Guide To Inner Harmony,Various · 2022,discogs_v1,1.0.0
discogs:30176033,30176033,Beehive Breaks,Various · 2024,discogs_v1,1.0.0
discogs:35792755,35792755,Xmas Done Got Funky,Jimmy Jules And The Nuclear Soul System With Jackie Spencer · 2025,discogs_v1,1.0.0
discogs:24284600,24284600,Eccentric Deep Soul,Various · 2022,discogs_v1,1.0.0
discogs:12811997,12811997,Merry Christmas To You From Joseph,"Joseph Washington, Jr. · 2018",discogs_v1,1.0.0
discogs:15098444,15098444,III,24 Carat Black · 2020,discogs_v1,1.0.0
discogs:34055980,34055980,Eccentric Modern Soul,Various · 2025,discogs_v1,1.0.0
discogs:30512269,30512269,My Black Country: The Songs of Alice Randall,Various · 2024,discogs_v1,1.0.0
discogs:2741654,2741654,Gil Fuller & The Monterey Jazz Festival Orchestra Featuring Dizzy Gillespie,Gil Fuller & The Monterey Jazz Festival Orchestra Featuring Dizzy Gillespie · 1965,discogs_v1,1.0.0
discogs:26411657,26411657,Renaissance,Beyoncé · 2022,discogs_v1,1.0.0
discogs:31070015,31070015,Cowboy Carter,Beyoncé · 2024,discogs_v1,1.0.0
discogs:6191421,6191421,The Number Of The Beast,Iron Maiden · 2014,discogs_v1,1.0.0
discogs:33646428,33646428,Moon Safari Live & Demos,AIR · 2025,discogs_v1,1.0.0
discogs:7119823,7119823,10 000 Hz Legend,AIR · 2015,discogs_v1,1.0.0
discogs:21626542,21626542,Hunky Dory,David Bowie · 2022,discogs_v1,1.0.0
discogs:8162132,8162132,The Man Who Sold The World,David Bowie · 2016,discogs_v1,1.0.0
discogs:8162188,8162188,The Rise And Fall Of Ziggy Stardust And The Spiders From Mars,David Bowie · 2016,discogs_v1,1.0.0
discogs:23545655,23545655,Teddy,Teddy Pendergrass · 1979,discogs_v1,1.0.0
discogs:20505802,20505802,TP,Teddy Pendergrass · 1980,discogs_v1,1.0.0
discogs:1651984,1651984,This One's For You,Teddy Pendergrass · 1982,discogs_v1,1.0.0
discogs:365838,365838,Love Is The Message,MFSB · 1973,discogs_v1,1.0.0
discogs:1081590,1081590,Black & Blue,Harold Melvin And The Blue Notes · 1973,discogs_v1,1.0.0
discogs:179413,179413,Wake Up Everybody,Harold Melvin And The Blue Notes · 1975,discogs_v1,1.0.0
discogs:1292202,1292202,Live,Lou Rawls · 1978,discogs_v1,1.0.0
discogs:176583,176583,Teddy Pendergrass,Teddy Pendergrass · 1977,discogs_v1,1.0.0
discogs:1816467,1816467,Talk It Up (Tell Everybody),Harold Melvin And The Blue Notes · 1984,discogs_v1,1.0.0
discogs:10762508,10762508,Almost In Love,Elvis Presley · 1975,discogs_v1,1.0.0
discogs:1402202,1402202,Double Dynamite!,Elvis Presley · 1975,discogs_v1,1.0.0
discogs:2141987,2141987,I Walk The Line,Johnny Cash,discogs_v1,1.0.0
discogs:1624479,1624479,Country Christmas,Various,discogs_v1,1.0.0
discogs:1943953,1943953,You've Made Me So Very Happy,Lou Rawls · 1979,discogs_v1,1.0.0
discogs:15397312,15397312,Frankie And Johnny,Elvis Presley · 1975,discogs_v1,1.0.0
discogs:9145455,9145455,C'mon Everybody,Elvis Presley · 1975,discogs_v1,1.0.0
discogs:8957729,8957729,The Wall,Pink Floyd · 2016,discogs_v1,1.0.0
discogs:33905034,33905034,Pink Flag,Wire,discogs_v1,1.0.0
discogs:1292894,1292894,Phase 6 Super Stereo - Introducing The Alternative Italian B-Movie Soundtrack,Various · 1998,discogs_v1,1.0.0
discogs:1261621,1261621,Kaleidoscopica,Various · 2000,discogs_v1,1.0.0
discogs:1450279,1450279,I Solisti Di Armando Trovajoli,I Marc 4 · 2000,discogs_v1,1.0.0
discogs:499479,499479,He's Coming,Roy Ayers Ubiquity · 1972,discogs_v1,1.0.0
discogs:1933431,1933431,This Is Spinal Tap,Spinal Tap · 1984,discogs_v1,1.0.0
discogs:35528917,35528917,Everybody Scream,Florence And The Machine · 2025,discogs_v1,1.0.0
discogs:5317319,5317319,Soul,Various,discogs_v1,1.0.0
discogs:8983967,8983967,Holiday Soul,Bobby Timmons · 2016,discogs_v1,1.0.0
discogs:2169485,2169485,Tough 'Duff,Brother Jack McDuff · 1971,discogs_v1,1.0.0
discogs:3086416,3086416,Spicy,"Richard ""Groove"" Holmes · 1967",discogs_v1,1.0.0
discogs:1479409,1479409,Intensity,Charles Earland · 1972,discogs_v1,1.0.0
discogs:4401952,4401952,Bongo Rock,The Incredible Bongo Band · 2009,discogs_v1,1.0.0
discogs:1991927,1991927,David Soul,David Soul · 1976,discogs_v1,1.0.0
discogs:1409836,1409836,Tropics And Meridians,June Of 44 · 1996,discogs_v1,1.0.0
discogs:753928,753928,The Sea And The Bells,Rachel's · 1996,discogs_v1,1.0.0
discogs:20101264,20101264,Midnight Cowboy (Original Motion Picture Score),Various · 2021,discogs_v1,1.0.0
discogs:2667826,2667826,How The Grinch Stole Christmas,Dr. Seuss · 1975,discogs_v1,1.0.0
discogs:5319791,5319791,The Complete Sun Sessions,Elvis Presley · 1987,discogs_v1,1.0.0
discogs:5128111,5128111,Wrapped In Red,Kelly Clarkson · 2013,discogs_v1,1.0.0
discogs:26881832,26881832,About U,Muna · 2023,discogs_v1,1.0.0
discogs:3355770,3355770,A Merry Mancini Christmas,Henry Mancini And His Orchestra And Chorus · 1976,discogs_v1,1.0.0
discogs:2746635,2746635,Elvis In Concert,Elvis Presley · 1977,discogs_v1,1.0.0
discogs:3147243,3147243,A Canadian Tribute,Elvis Presley · 1978,discogs_v1,1.0.0
discogs:8284392,8284392,Aladdin Sane,David Bowie · 1973,discogs_v1,1.0.0
discogs:9674008,9674008,Wilson Pickett,Wilson Pickett · 1974,discogs_v1,1.0.0
discogs:3183141,3183141,Aloha From Hawaii Via Satellite,Elvis Presley · 1973,discogs_v1,1.0.0
discogs:1421937,1421937,Elvis' Christmas Album,Elvis Presley · 1970,discogs_v1,1.0.0
discogs:2495977,2495977,C'mon Everybody,Elvis Presley · 1971,discogs_v1,1.0.0
discogs:3249164,3249164,Andy Williams,Andy Williams · 1971,discogs_v1,1.0.0
discogs:2495987,2495987,"Elvis Sings Hits From His Movies, Volume 1",Elvis Presley · 1972,discogs_v1,1.0.0
discogs:2130601,2130601,"Burning Love And Hits From His Movies, Vol. 2",Elvis Presley · 1972,discogs_v1,1.0.0
discogs:34495066,34495066,Imaginary Appalachia,Colter Wall · 2025,discogs_v1,1.0.0
discogs:1691481,1691481,Firebird,Tomita · 1976,discogs_v1,1.0.0
discogs:1440550,1440550,The Number One Hits,Elvis Presley · 1987,discogs_v1,1.0.0
discogs:3846487,3846487,Elvis In Nashville 1956 - 1971,Elvis Presley · 1988,discogs_v1,1.0.0
discogs:733321,733321,Raised On Rock / For Ol' Times Sake,Elvis Presley · 1973,discogs_v1,1.0.0
discogs:3519935,3519935,The Bargain Store,Dolly Parton · 1975,discogs_v1,1.0.0
discogs:1707551,1707551,Dreaming My Dreams,Waylon Jennings · 1975,discogs_v1,1.0.0
discogs:20255188,20255188,Best Of Dolly Parton,Dolly Parton · 1975,discogs_v1,1.0.0
discogs:1707516,1707516,Are You Ready For The Country,Waylon Jennings · 1976,discogs_v1,1.0.0
discogs:6117487,6117487,G.I. Blues,Elvis Presley · 1980,discogs_v1,1.0.0
discogs:6084098,6084098,Good Times,Elvis Presley · 1974,discogs_v1,1.0.0
discogs:710506,710506,Diamond Dogs,David Bowie · 1974,discogs_v1,1.0.0
discogs:2496070,2496070,Recorded Live On Stage In Memphis,Elvis Presley · 1974,discogs_v1,1.0.0
discogs:3151324,3151324,Memories Of Christmas,Elvis Presley · 1982,discogs_v1,1.0.0
discogs:3138909,3138909,Great Country Hits Of The Year,Various · 1974,discogs_v1,1.0.0
discogs:1841133,1841133,Loving You,Elvis Presley · 1957,discogs_v1,1.0.0
discogs:3399492,3399492,How Great Thou Art,Elvis Presley · 1967,discogs_v1,1.0.0
discogs:521508,521508,Calypso,Harry Belafonte · 1956,discogs_v1,1.0.0
discogs:1615714,1615714,Elvis,Elvis Presley · 1956,discogs_v1,1.0.0
discogs:3751792,3751792,"Elvis' Golden Records, Volume 3",Elvis Presley · 1963,discogs_v1,1.0.0
discogs:4118915,4118915,Elvis (TV Special),Elvis Presley · 1968,discogs_v1,1.0.0
discogs:2774794,2774794,The Other Sides - Worldwide Gold Award Hits - Vol. 2,Elvis Presley · 1971,discogs_v1,1.0.0
discogs:4354286,4354286,Just The Two Of Us,Porter Wagoner And Dolly Parton · 1968,discogs_v1,1.0.0
discogs:6010906,6010906,For LP Fans Only,Elvis Presley · 1971,discogs_v1,1.0.0
discogs:3430966,3430966,"50,000,000 Elvis Fans Can't Be Wrong (Elvis' Gold Records, Vol. 2)",Elvis Presley · 1976,discogs_v1,1.0.0
discogs:2725175,2725175,John F. Kennedy Center For The Performing Arts Presents The United States Marine Band,U.S. Marine Band · 1964,discogs_v1,1.0.0
discogs:1261319,1261319,Dear Heart (And Other Songs About Love),Henry Mancini And His Orchestra And Chorus · 1964,discogs_v1,1.0.0
discogs:3034795,3034795,Elvis For Everyone!,Elvis Presley · 1965,discogs_v1,1.0.0
discogs:1340443,1340443,Music Of Hawaii,Henry Mancini And His Orchestra And Chorus · 1966,discogs_v1,1.0.0
discogs:3513341,3513341,The Country Way,Charley Pride · 1967,discogs_v1,1.0.0
discogs:2024566,2024566,Six Hours Past Sunset,Henry Mancini And His Orchestra · 1969,discogs_v1,1.0.0
discogs:2481042,2481042,"On Stage - February, 1970",Elvis Presley · 1970,discogs_v1,1.0.0
discogs:6461863,6461863,"Elvis In Person At The International Hotel Las Vegas, Nevada",Elvis Presley · 1970,discogs_v1,1.0.0
discogs:2961522,2961522,Elvis - That's The Way It Is,Elvis Presley · 1970,discogs_v1,1.0.0
discogs:2689379,2689379,"Elvis Country (I'm 10,000 Years Old)",Elvis Presley · 1971,discogs_v1,1.0.0
discogs:2470595,2470595,Love Letters From Elvis,Elvis Presley · 1971,discogs_v1,1.0.0
discogs:2223044,2223044,Brass On Ivory,Henry Mancini & Doc Severinsen · 1972,discogs_v1,1.0.0
discogs:2475771,2475771,Elvis Now,Elvis Presley · 1972,discogs_v1,1.0.0
discogs:1619790,1619790,Elvis As Recorded At Madison Square Garden,Elvis Presley · 1972,discogs_v1,1.0.0
discogs:550462,550462,Blacula (Music From The Original Soundtrack),Gene Page · 1972,discogs_v1,1.0.0
discogs:1595029,1595029,Stage,David Bowie · 1978,discogs_v1,1.0.0
discogs:2239265,2239265,Moody Blue,Elvis Presley · 1977,discogs_v1,1.0.0
discogs:15012082,15012082,Elvis' Golden Records,Elvis Presley · 2020,discogs_v1,1.0.0
discogs:808872,808872,Guitar Man,Elvis Presley · 1981,discogs_v1,1.0.0
discogs:4382160,4382160,Pot Luck,Elvis Presley · 1962,discogs_v1,1.0.0
discogs:2398123,2398123,Dear Heart And Other Songs About Love,Henry Mancini And His Orchestra And Chorus · 1965,discogs_v1,1.0.0
discogs:2192724,2192724,Elvis' Gold Records - Volume 4,Elvis Presley · 1968,discogs_v1,1.0.0
discogs:2021573,2021573,Today,Elvis Presley · 1975,discogs_v1,1.0.0
discogs:21579277,21579277,Elvis' Christmas Album,Elvis Presley · 1964,discogs_v1,1.0.0
discogs:28588219,28588219,Elvis Sings The Wonderful World Of Christmas,Elvis Presley · 2023,discogs_v1,1.0.0
discogs:28829716,28829716,The Golden Crystal Kingdom,Vincent Neil Emerson · 2023,discogs_v1,1.0.0
discogs:4793940,4793940,Elvis At Stax,Elvis Presley · 2013,discogs_v1,1.0.0
discogs:20951653,20951653,Elvis Back In Nashville,Elvis Presley · 2021,discogs_v1,1.0.0
discogs:7432974,7432974,ELV1S 30 #1 Hits,Elvis Presley · 2015,discogs_v1,1.0.0
discogs:31438394,31438394,Memphis,Elvis Presley · 2024,discogs_v1,1.0.0
discogs:12674543,12674543,The Best Of Sam Cooke,Sam Cooke · 2018,discogs_v1,1.0.0
discogs:10642798,10642798,A Boy From Tupelo: The Sun Masters,Elvis Presley · 2017,discogs_v1,1.0.0
discogs:2503738,2503738,Elvis Presley,Elvis Presley · 2009,discogs_v1,1.0.0
discogs:779749,779749,"Worldwide Gold Award Hits, Parts 1 & 2",Elvis Presley · 1974,discogs_v1,1.0.0
discogs:3194016,3194016,You'll Never Walk Alone,Elvis Presley · 1971,discogs_v1,1.0.0
discogs:1554164,1554164,Elvis Forever,Elvis Presley · 1975,discogs_v1,1.0.0
discogs:2687059,2687059,Promised Land,Elvis Presley · 1975,discogs_v1,1.0.0
discogs:1354445,1354445,"Live At The Harlem Square Club, 1963",Sam Cooke · 1985,discogs_v1,1.0.0
discogs:2000858,2000858,Something For Everybody,Elvis Presley · 1961,discogs_v1,1.0.0
discogs:4425540,4425540,Station To Station,David Bowie · 1976,discogs_v1,1.0.0
discogs:3492097,3492097,Great Hits Of The Great Bands - 12 All-Time Favorites,Various · 1969,discogs_v1,1.0.0
discogs:6149209,6149209,Moon River The Many Moods Of Henry Mancini,Henry Mancini · 1975,discogs_v1,1.0.0
discogs:4410248,4410248,David Axelrod's Rock Interpretation Of Handel's Messiah,David Axelrod · 2012,discogs_v1,1.0.0
discogs:25282447,25282447,Gladys Knight And The Pips,Gladys Knight And The Pips · 2022,discogs_v1,1.0.0
discogs:12606025,12606025,Eternal Return,Windhand · 2018,discogs_v1,1.0.0
discogs:35786770,35786770,The Live Anthology: From The Vaults Vol. 1,Tom Petty And The Heartbreakers · 2025,discogs_v1,1.0.0
discogs:16810944,16810944,Harvest,Neil Young · 2009,discogs_v1,1.0.0
discogs:2114184,2114184,Decade,Neil Young · 1977,discogs_v1,1.0.0
discogs:944143,944143,Rust Never Sleeps,Neil Young & Crazy Horse · 1979,discogs_v1,1.0.0
discogs:596450,596450,Aqualung,Jethro Tull · 1971,discogs_v1,1.0.0
discogs:1163481,1163481,GP,Gram Parsons · 1973,discogs_v1,1.0.0
discogs:1273539,1273539,Tonight's The Night,Neil Young · 1975,discogs_v1,1.0.0
discogs:1956148,1956148,Kinks Kinkdom,The Kinks · 1965,discogs_v1,1.0.0
discogs:1115460,1115460,Mass In F Minor,The Electric Prunes,discogs_v1,1.0.0
discogs:1336190,1336190,Everybody Knows This Is Nowhere,Neil Young With Crazy Horse · 1969,discogs_v1,1.0.0
discogs:3345290,3345290,After The Gold Rush,Neil Young · 1970,discogs_v1,1.0.0
discogs:24748850,24748850,Blue,Joni Mitchell · 2022,discogs_v1,1.0.0
discogs:21775351,21775351,$ (Music From The Original Motion Picture Sound Track),Quincy Jones · 2022,discogs_v1,1.0.0
discogs:25343665,25343665,Harvest,Neil Young · 2022,discogs_v1,1.0.0
discogs:36082807,36082807,The Fate Of Ophelia,Taylor Swift · 2026,discogs_v1,1.0.0
discogs:16242480,16242480,Folklore,Taylor Swift · 2020,discogs_v1,1.0.0
discogs:11894370,11894370,Vide Noir,Lord Huron · 2018,discogs_v1,1.0.0
discogs:28638091,28638091,1989 (Taylor's Version),Taylor Swift · 2023,discogs_v1,1.0.0
discogs:24893972,24893972,Midnights,Taylor Swift · 2022,discogs_v1,1.0.0
discogs:27604608,27604608,Speak Now (Taylor's Version),Taylor Swift · 2023,discogs_v1,1.0.0
discogs:32428182,32428182,The Tortured Poets Department: The Anthology,Taylor Swift · 2024,discogs_v1,1.0.0
discogs:21794644,21794644,Evermore,Taylor Swift · 2021,discogs_v1,1.0.0
discogs:20446987,20446987,Fearless (Taylor's Version),Taylor Swift · 2021,discogs_v1,1.0.0
discogs:20939464,20939464,Red (Taylor's Version),Taylor Swift · 2021,discogs_v1,1.0.0
discogs:32796732,32796732,Lover (Live From Paris),Taylor Swift · 2025,discogs_v1,1.0.0
discogs:35238409,35238409,The Life Of A Showgirl,Taylor Swift · 2025,discogs_v1,1.0.0
discogs:30444293,30444293,The Tortured Poets Department,Taylor Swift · 2024,discogs_v1,1.0.0
discogs:30560494,30560494,Folklore,Taylor Swift,discogs_v1,1.0.0
discogs:25106521,25106521,Lover,Taylor Swift · 2019,discogs_v1,1.0.0
discogs:33678129,33678129,Smokin' In Seattle (Live At The Penthouse),"Wes Montgomery, Wynton Kelly Trio · 2025",discogs_v1,1.0.0
discogs:10889050,10889050,Twin Peaks (Music From The Limited Event Series),Various · 2017,discogs_v1,1.0.0
discogs:3141902,3141902,Kinda Kinks,The Kinks · 1988,discogs_v1,1.0.0
discogs:35786500,35786500,Live (CBGB • 1977),Ramones · 2025,discogs_v1,1.0.0
discogs:10395804,10395804,Scarecrow,John Cougar Mellencamp · 1985,discogs_v1,1.0.0
discogs:4999004,4999004,Boss Guitar,Wes Montgomery · 1963,discogs_v1,1.0.0
discogs:371142,371142,Master Of Puppets,Metallica · 1986,discogs_v1,1.0.0
discogs:3030024,3030024,Some Girls,The Rolling Stones · 1978,discogs_v1,1.0.0
discogs:451342,451342,Sticky Fingers,The Rolling Stones · 1971,discogs_v1,1.0.0
discogs:2973994,2973994,Motown Superstars,Various · 1976,discogs_v1,1.0.0
discogs:19924693,19924693,Long Time Coming,Sierra Ferrell · 2021,discogs_v1,1.0.0
discogs:30202739,30202739,Trail Of Flowers,Sierra Ferrell · 2024,discogs_v1,1.0.0
discogs:762024,762024,Sgt. Pepper's Lonely Hearts Club Band,Various · 1978,discogs_v1,1.0.0
discogs:6546645,6546645,The Miseducation Of Lauryn Hill,Lauryn Hill · 2014,discogs_v1,1.0.0
discogs:25072510,25072510,"Merry Christmas, Love",Joss Stone · 2022,discogs_v1,1.0.0
discogs:6967664,6967664,Repo Man (Music From The Original Motion Picture Soundtrack),Various · 1984,discogs_v1,1.0.0
discogs:1186520,1186520,Le Trio Camara,Le Trio Camara · 1970,discogs_v1,1.0.0
discogs:236371,236371,Jet Sounds,Nicola Conte · 2000,discogs_v1,1.0.0
discogs:70946,70946,Les Hommes,Les Hommes · 2002,discogs_v1,1.0.0
discogs:3178015,3178015,Tom Petty And The Heartbreakers,Tom Petty And The Heartbreakers · 1976,discogs_v1,1.0.0
discogs:4001894,4001894,Hell's Belles,Les Baxter · 1969,discogs_v1,1.0.0
discogs:8635455,8635455,BBC Radiophonic Workshop - 21,BBC Radiophonic Workshop · 2016,discogs_v1,1.0.0
discogs:3883628,3883628,Five Leaves Left,Nick Drake · 2009,discogs_v1,1.0.0
discogs:458505,458505,Los Angeles,X · 1980,discogs_v1,1.0.0
discogs:853977,853977,Wild Gift,X · 1981,discogs_v1,1.0.0
discogs:33519230,33519230,Wild Gift,X · 1981,discogs_v1,1.0.0
discogs:2786930,2786930,Rank And File,Rank & File · 1984,discogs_v1,1.0.0
discogs:1560391,1560391,Poor Little Critter On The Road,The Knitters · 1985,discogs_v1,1.0.0
discogs:6118655,6118655,The Last Match,The Aislers Set · 2014,discogs_v1,1.0.0
discogs:28315471,28315471,Western White Pines,Colby Acuff · 2023,discogs_v1,1.0.0
discogs:31552558,31552558,American Son,Colby Acuff · 2024,discogs_v1,1.0.0
discogs:1390408,1390408,Greatest Hits,Junior Walker & The All Stars · 1969,discogs_v1,1.0.0
discogs:291594,291594,Riot On An Empty Street,Kings Of Convenience · 2004,discogs_v1,1.0.0
discogs:5099328,5099328,The First & Last Days Of Unwelcome,Lumbar · 2013,discogs_v1,1.0.0
discogs:15646371,15646371,Transformer,Lou Reed · 2020,discogs_v1,1.0.0
discogs:5831672,5831672,Spirituals In Rhythm,Sister Rosetta Tharpe · 1961,discogs_v1,1.0.0
discogs:6701113,6701113,Rockin' With Elvis New Years' Eve,Elvis Presley · 1977,discogs_v1,1.0.0
discogs:2659848,2659848,Soul Gold Vol. 1,Various · 1968,discogs_v1,1.0.0
discogs:1513005,1513005,"Best Of The Beach Boys, Vol. 2",The Beach Boys · 1972,discogs_v1,1.0.0
discogs:33676386,33676386,Sweet Sweetheart,Carla Thomas · 2025,discogs_v1,1.0.0
discogs:1590251,1590251,It's Christmas Time Again,Various · 1982,discogs_v1,1.0.0
discogs:1081695,1081695,Doin' Our Thing,Booker T & The MG's · 1968,discogs_v1,1.0.0
discogs:565111,565111,Soul Men,Sam & Dave · 1967,discogs_v1,1.0.0
discogs:748068,748068,The Living Word (Wattstax 2),Various · 1973,discogs_v1,1.0.0
discogs:556175,556175,The Booker T. Set,Booker T & The MG's · 1969,discogs_v1,1.0.0
discogs:887891,887891,Did You Heard Me?,Rufus Thomas · 1972,discogs_v1,1.0.0
discogs:1538453,1538453,"Estelle, Myrna And Sylvia",The Sweet Inspirations · 1973,discogs_v1,1.0.0
discogs:1125816,1125816,Memphis Millions,Various · 1973,discogs_v1,1.0.0
discogs:3863496,3863496,Soul Limbo,Booker T & The MG's · 1968,discogs_v1,1.0.0
discogs:6978569,6978569,Fillet Of Soul,Various · 2014,discogs_v1,1.0.0
discogs:1907979,1907979,Super Taylor,Johnnie Taylor · 1974,discogs_v1,1.0.0
discogs:14642063,14642063,Stax Number Ones,Various · 2020,discogs_v1,1.0.0
discogs:1326016,1326016,Good To Me - Live At The Whisky A Go Go - Volume 2,Otis Redding · 1993,discogs_v1,1.0.0
discogs:26827217,26827217,Born Under A Bad Sign,Albert King · 2023,discogs_v1,1.0.0
discogs:11728798,11728798,The Queen Alone,Carla Thomas · 2018,discogs_v1,1.0.0
discogs:2684026,2684026,McLemore Avenue,Booker T & The MG's · 1990,discogs_v1,1.0.0
discogs:4040564,4040564,Memphis Gold Vol. I,Various · 1966,discogs_v1,1.0.0
discogs:2563985,2563985,King & Queen,Otis Redding & Carla Thomas · 1967,discogs_v1,1.0.0
discogs:643337,643337,Back To Back,The Mar-Keys / Booker T & The MG's · 1967,discogs_v1,1.0.0
discogs:1285290,1285290,And Now!,Booker T & The MG's · 1966,discogs_v1,1.0.0
discogs:1067779,1067779,Hip Hug-Her,Booker T & The MG's · 1967,discogs_v1,1.0.0
discogs:34772654,34772654,Stax Revue: Live In '65,Various · 2025,discogs_v1,1.0.0
discogs:181748,181748,The Funky 16 Corners,Various · 2001,discogs_v1,1.0.0
discogs:390451,390451,"Club Africa 2 (Hard African Funk, Afro-Jazz And Original Afro-Beat)",Various · 2000,discogs_v1,1.0.0
discogs:12547968,12547968,Plays Songs Of Yesterday And Today,The Big Band Of Al Cobine · 1967,discogs_v1,1.0.0
discogs:13494298,13494298,Titanic Rising,Weyes Blood · 2019,discogs_v1,1.0.0
discogs:1288153,1288153,Bakesale,Sebadoh · 1994,discogs_v1,1.0.0
discogs:390841,390841,More Parts Per Million,The Thermals · 2003,discogs_v1,1.0.0
discogs:2652102,2652102,Bleach,Nirvana · 2009,discogs_v1,1.0.0
discogs:1398335,1398335,Harmacy,Sebadoh · 1996,discogs_v1,1.0.0
discogs:1359927,1359927,Fleet Foxes,Fleet Foxes · 2008,discogs_v1,1.0.0
discogs:1192114,1192114,Bitches Aint Shit But Good People,Hella · 2003,discogs_v1,1.0.0
discogs:2427934,2427934,Original Golden Hits Volume III,Johnny Cash & The Tennessee Two,discogs_v1,1.0.0
discogs:6097283,6097283,All Aboard The Blue Train,Johnny Cash · 1963,discogs_v1,1.0.0
discogs:33058473,33058473,Glad Tidings from Sun Records,Various,discogs_v1,1.0.0
discogs:3773004,3773004,Original Golden Hits Volume II,Johnny Cash & The Tennessee Two · 1969,discogs_v1,1.0.0
discogs:9714143,9714143,All Aboard The Blue Train,Johnny Cash · 2017,discogs_v1,1.0.0
discogs:25262047,25262047,Blue Suede Shoes,Carl Perkins · 2022,discogs_v1,1.0.0
discogs:7135962,7135962,Original Golden Hits - Volume I,Johnny Cash & The Tennessee Two · 1969,discogs_v1,1.0.0
discogs:11307001,11307001,In The Christmas Spirit,Booker T & The MG's · 2013,discogs_v1,1.0.0
discogs:3838112,3838112,Featuring Dizzy Gillespie,Dizzy Gillespie,discogs_v1,1.0.0
discogs:457113,457113,The Slider,T. Rex · 1972,discogs_v1,1.0.0
discogs:4063038,4063038,The Boop-Boop-A-Doop Girl,Helen Kane · 1981,discogs_v1,1.0.0
discogs:266650,266650,Songs In The Key Of Life,Stevie Wonder · 1976,discogs_v1,1.0.0
discogs:1041456,1041456,What's Going On,Marvin Gaye · 1985,discogs_v1,1.0.0
discogs:306710,306710,"""Here, My Dear.""",Marvin Gaye · 1978,discogs_v1,1.0.0
discogs:716065,716065,Touchdown,Bob James · 1978,discogs_v1,1.0.0
discogs:547020,547020,"Those Who Tell The Truth Shall Die, Those Who Tell The Truth Shall Live Forever",Explosions In The Sky · 2001,discogs_v1,1.0.0
discogs:14453274,14453274,The Way Forth,Rachel Grimes · 2019,discogs_v1,1.0.0
discogs:1700927,1700927,The Super Hits,Various · 1967,discogs_v1,1.0.0
discogs:2024749,2024749,The History Of Northwest Rock Volume 1,Various · 1976,discogs_v1,1.0.0
discogs:1413230,1413230,The Elvis Tapes,Elvis Presley · 1977,discogs_v1,1.0.0
discogs:15359405,15359405,Hillbillies In Hell - Country Music's Tormented Testament (1952-1974) Volume X,Various · 2020,discogs_v1,1.0.0
discogs:16619085,16619085,Hillbillies In Hell - Country Music's Tormented Testament (1952-1974) Volume XI,Various · 2020,discogs_v1,1.0.0
discogs:27866235,27866235,Hillbillies In Hell: Wake Me Up! Brimstone And Beauty From The Nashville Pulpit (1952-1974),Various · 2023,discogs_v1,1.0.0
discogs:22846631,22846631,It's A Rough Old Road To Travel - The Existential Psychodrama In Country Music: Volume II (1964-1974),Various · 2022,discogs_v1,1.0.0
discogs:31776527,31776527,"Hey, Mr Devil: Apocalyptic Gospel And Rapture Rockabilly From Private Press Prophets (1964-1984)",Various · 2024,discogs_v1,1.0.0
discogs:33068052,33068052,Hillbillies In Hell: The Endless Sleep (1958-1973),Various · 2025,discogs_v1,1.0.0
discogs:33712665,33712665,Diesel Smoke And Dangerous Curves: Big Rig Bustin' Hits (1962-1976),Various · 2025,discogs_v1,1.0.0
discogs:33068220,33068220,Diesel Smoke And Dangerous Curves: Big Rig Bustin' Hits (1962-1976),Various · 2025,discogs_v1,1.0.0
discogs:15469258,15469258,Troubled Troubadours,Various · 2020,discogs_v1,1.0.0
discogs:13491407,13491407,Cold War Countdown: Country Music Goes To War (1952-1972),Various · 2019,discogs_v1,1.0.0
discogs:19117408,19117408,Sassy And Strong - Forgotten Sides From Nashville’s Finest Ladies (1967-1973),Various · 2021,discogs_v1,1.0.0
discogs:30469916,30469916,Hillbillies In Hell: Whiskey Is The Devil (1962-1974),Various · 2024,discogs_v1,1.0.0
discogs:30013390,30013390,Nashville Goes Fuzz: Fuzz Guitar In The Country Music Experience (1956-1970),Various · 2024,discogs_v1,1.0.0
discogs:32048082,32048082,Shooting Star,Benjamin Tod · 2024,discogs_v1,1.0.0
discogs:12651938,12651938,Songs Of The Plains,Colter Wall · 2018,discogs_v1,1.0.0
discogs:6917511,6917511,Viewfinder,Pullman · 2015,discogs_v1,1.0.0
discogs:837288,837288,Axis And Alignment,Chicago Underground Duo · 2002,discogs_v1,1.0.0
discogs:660000,660000,Surrender To The Night,Trans Am · 1997,discogs_v1,1.0.0
discogs:75542,75542,Millions Now Living Will Never Die,Tortoise · 1996,discogs_v1,1.0.0
discogs:28641931,28641931,Ocean Songs,Dirty Three · 2023,discogs_v1,1.0.0
discogs:426359,426359,Quadrophenia,The Who · 1973,discogs_v1,1.0.0
discogs:1309986,1309986,At The Gate Of Horn,Odetta,discogs_v1,1.0.0
discogs:12819123,12819123,Sings For The King,Glen Campbell · 2018,discogs_v1,1.0.0
discogs:20713672,20713672,Christmas Number 1's,Various · 2021,discogs_v1,1.0.0
discogs:1635169,1635169,Is Alive And Well At The Whiskey,Hugh Masekela · 1967,discogs_v1,1.0.0
discogs:2456030,2456030,For The Last Time,Bob Wills & His Texas Playboys · 1974,discogs_v1,1.0.0
discogs:5594320,5594320,Rhythm & Blues Christmas,Various · 1976,discogs_v1,1.0.0
discogs:31155353,31155353,Songwriter,Johnny Cash · 2024,discogs_v1,1.0.0
discogs:34382305,34382305,Virgin,Lorde · 2025,discogs_v1,1.0.0
discogs:33377864,33377864,Symphony Of Lungs (BBC Proms At The Royal Albert Hall),Florence And The Machine & Jules Buckley And His Orchestra · 2025,discogs_v1,1.0.0
discogs:2848009,2848009,Back To Black,Amy Winehouse · 2006,discogs_v1,1.0.0
discogs:30834552,30834552,Ceremonials,Florence And The Machine,discogs_v1,1.0.0
discogs:7620850,7620850,Christmas Spirituals,Odetta · 1960,discogs_v1,1.0.0
discogs:590773,590773,Master Of Reality,Black Sabbath · 1971,discogs_v1,1.0.0
discogs:28836454,28836454,Great Women Of Song,Astrud Gilberto · 2023,discogs_v1,1.0.0
discogs:212339,212339,Sounds From The Verve Hi-Fi,Various · 2002,discogs_v1,1.0.0
discogs:28761328,28761328,A Joyful Holiday,Samara Joy · 2023,discogs_v1,1.0.0
discogs:31990358,31990358,Portrait,Samara Joy · 2024,discogs_v1,1.0.0
discogs:1999562,1999562,The Velvet Underground & Nico,The Velvet Underground & Nico · 2008,discogs_v1,1.0.0
discogs:6470785,6470785,Ella And Louis,Ella Fitzgerald And Louis Armstrong · 1957,discogs_v1,1.0.0
discogs:1216165,1216165,Hoochie Cooche Man,Jimmy Smith  Arranged And Conducted By Oliver Nelson · 1966,discogs_v1,1.0.0
discogs:3259686,3259686,"Saturday Night / Sunday Night At The Blackhawk, San Francisco",Cal Tjader Quartet · 1962,discogs_v1,1.0.0
discogs:1103510,1103510,The Cat,Jimmy Smith · 1964,discogs_v1,1.0.0
discogs:752612,752612,Bumpin',Wes Montgomery · 1965,discogs_v1,1.0.0
discogs:1156607,1156607,Goin' Out Of My Head,Wes Montgomery · 1966,discogs_v1,1.0.0
discogs:3005142,3005142,Bill Evans At Town Hall (Volume One),The Bill Evans Trio · 1967,discogs_v1,1.0.0
discogs:1664681,1664681,Further Adventures Of Jimmy Smith & Wes Montgomery,Jimmy Smith & Wes Montgomery · 1969,discogs_v1,1.0.0
discogs:9057490,9057490,Ella And Louis,Ella Fitzgerald And Louis Armstrong · 1956,discogs_v1,1.0.0
discogs:6391613,6391613,Ella Wishes You A Swinging Christmas,Ella Fitzgerald · 2014,discogs_v1,1.0.0
discogs:32557170,32557170,Root Down - Jimmy Smith Live!,Jimmy Smith · 2024,discogs_v1,1.0.0
discogs:1582488,1582488,Any Number Can Win,Jimmy Smith · 1963,discogs_v1,1.0.0
discogs:524454,524454,Shades Of Today,Patrick Williams · 1968,discogs_v1,1.0.0
discogs:35942692,35942692,Bumpin',Wes Montgomery · 2025,discogs_v1,1.0.0
discogs:2469525,2469525,The Hits Are On Verve,Various · 1964,discogs_v1,1.0.0
discogs:32558922,32558922,The Cat,Jimmy Smith · 2024,discogs_v1,1.0.0
discogs:3255473,3255473,Siamese Dream,The Smashing Pumpkins · 2011,discogs_v1,1.0.0
discogs:4082874,4082874,Mellon Collie And The Infinite Sadness,The Smashing Pumpkins · 2012,discogs_v1,1.0.0
discogs:33976974,33976974,Ambient 1 (Music For Airports),Brian Eno · 2025,discogs_v1,1.0.0
discogs:29414950,29414950,The Dock Of The Bay,Otis Redding · 2024,discogs_v1,1.0.0
discogs:2795239,2795239,The Soul Album,Otis Redding · 1966,discogs_v1,1.0.0
discogs:1573372,1573372,The Doors Of Perception,Dave Pike · 1970,discogs_v1,1.0.0
discogs:6353202,6353202,Atlas Eets Christmas,Imagene Peise · 2014,discogs_v1,1.0.0
discogs:379809,379809,Black Sabbath Vol. 4,Black Sabbath · 1972,discogs_v1,1.0.0
discogs:447530,447530,"Sabbath, Bloody Sabbath",Black Sabbath · 1974,discogs_v1,1.0.0
discogs:3087794,3087794,Rumours,Fleetwood Mac · 1977,discogs_v1,1.0.0
discogs:6256253,6256253,Van Halen,Van Halen · 1978,discogs_v1,1.0.0
discogs:395838,395838,Minute By Minute,The Doobie Brothers · 1978,discogs_v1,1.0.0
discogs:603714,603714,Wonderfulness,Bill Cosby · 1966,discogs_v1,1.0.0
discogs:374185,374185,Paranoid,Black Sabbath · 1971,discogs_v1,1.0.0
discogs:2011391,2011391,Black Sabbath,Black Sabbath · 1970,discogs_v1,1.0.0
discogs:1395373,1395373,Trio,"Dolly Parton, Linda Ronstadt, Emmylou Harris · 1987",discogs_v1,1.0.0
discogs:4060029,4060029,Greatest Hits!,The Association · 1968,discogs_v1,1.0.0
discogs:36645412,36645412,With Heaven On Top,Zach Bryan · 2026,discogs_v1,1.0.0
discogs:35598424,35598424,I Barely Know Her,Sombr · 2025,discogs_v1,1.0.0
discogs:32368914,32368914,The Great American Bar Scene,Zach Bryan · 2024,discogs_v1,1.0.0
discogs:28574881,28574881,Zach Bryan,Zach Bryan · 2023,discogs_v1,1.0.0
discogs:27645498,27645498,Summertime Blues,Zach Bryan · 2023,discogs_v1,1.0.0
discogs:28344796,28344796,American Heartbreak,Zach Bryan · 2023,discogs_v1,1.0.0
discogs:19518703,19518703,DeAnn,Zach Bryan · 2022,discogs_v1,1.0.0
discogs:35787418,35787418,Live 1975,Fleetwood Mac · 2025,discogs_v1,1.0.0
discogs:30578674,30578674,Radical Optimism,Dua Lipa · 2024,discogs_v1,1.0.0
discogs:29073277,29073277,Barbie (Score From The Original Motion Picture Soundtrack),"Mark Ronson, Andrew Wyatt · 2023",discogs_v1,1.0.0
discogs:19183912,19183912,A Date With Elvis,Elvis Presley · 2021,discogs_v1,1.0.0
discogs:13669243,13669243,Seneca,Charles Wesley Godwin · 2019,discogs_v1,1.0.0
discogs:4134092,4134092,Maggot Brain,Funkadelic · 2004,discogs_v1,1.0.0
discogs:22396396,22396396,Samara Joy,Samara Joy · 2021,discogs_v1,1.0.0
discogs:5221828,5221828,Harlem River,Kevin Morby · 2013,discogs_v1,1.0.0
discogs:31206463,31206463,21,Adele · 2024,discogs_v1,1.0.0
discogs:13381175,13381175,19,Adele · 2018,discogs_v1,1.0.0
discogs:7748058,7748058,25,Adele · 2015,discogs_v1,1.0.0
discogs:6589097,6589097,( ),Sigur Rós · 2015,discogs_v1,1.0.0
discogs:6589854,6589854,Ágætis Byrjun,Sigur Rós · 2015,discogs_v1,1.0.0
